https://www.flipkart.com/soulfuel-muffi-dr-muffi-fibre/p/itmfanznpajnve2b?pid=VSLFANKYNTANGH9U&lid=LSTVSLFANKYNTANGH9UZYNWKA&marketplace=FLIPKART&srno=s_1_1&otracker=search&fm=organic&iid=69872678-3a79-4bb8-b4a4-e8d677a8eb08.VSLFANKYNTANGH9U.SEARCH&qH=6564f2e039d502b0|@|SoulFuel by Dr Muffi SoulFuel by Dr.Muffi- Fibre
https://www.flipkart.com/essens-soluble-fibre-30-stick-packs-5-grams-each/p/itmfah8yr7v2ehzs?pid=VSLFAGXHN3KYSUKZ&lid=LSTVSLFAGXHN3KYSUKZCHQ4TI&marketplace=FLIPKART&srno=s_1_2&otracker=search&fm=organic&iid=25c129c1-17f4-404f-9eba-2a084f8b350d.VSLFAGXHN3KYSUKZ.SEARCH&qH=6564f2e039d502b0|@|ESSENS SOLUBLE FIBRE 30 STICK PACKS OF 5 GRAMS EACH
https://www.flipkart.com/advance-musclemass-weight-gainer-supplement-powder-chocolate-1-kg-2-2-lb-29-servings-digezyme-advantage-digestive-enzyme-mixer-gainers-mass-gainers/p/itmf3h7u9rgyxvhj?pid=PSLF3H67JYPWRJDF&lid=LSTPSLF3H67JYPWRJDF7VKMPA&marketplace=FLIPKART&srno=s_1_3&otracker=search&fm=organic&iid=88444f36-9d70-4042-8f40-db6ebeee40f2.PSLF3H67JYPWRJDF.SEARCH&qH=6564f2e039d502b0|@|Advance MuscleMass Weight gainer Supplement Powder (Cho...
https://www.flipkart.com/advance-musclemass-weight-gainer-supplement-powder-chocolate-3-kg-6-6-lb-29-servings-digezyme-advantage-digestive-enzyme-mixer-gainers-mass-gainers/p/itmf3h7u2q5ytpav?pid=PSLF3H67HRBPPBAA&lid=LSTPSLF3H67HRBPPBAAHBKHCM&marketplace=FLIPKART&srno=s_1_4&otracker=search&fm=organic&iid=en_uluvyvRFkpt1r%2BrKECeDK%2B0wDMhVL8UIml0LFnfaEUiElrf2ay%2Fi9X8GPUU5Vo%2FE&qH=6564f2e039d502b0|@|Advance MuscleMass Weight gainer Supplement Powder (Cho...
https://www.flipkart.com/advance-musclemass-weight-gainer-supplement-powder-chocolate-3-kg-6-6-lb-29-servings-digezyme-advantage-digestive-enzyme-mixer-gainers-mass-gainers/p/itmf3h7u2q5ytpav?pid=PSLF3H67HRBPPBAA&lid=LSTPSLF3H67HRBPPBAAHBKHCM&marketplace=FLIPKART&srno=s_1_5&otracker=search&fm=organic&iid=237f7a6e-9c66-49c4-bb70-3fa0d3a275cd.PSLF3H67HRBPPBAA.SEARCH&qH=6564f2e039d502b0|@|Advance MuscleMass Weight gainer Supplement Powder (Cho...
https://www.flipkart.com/advance-musclemass-weight-gainer-supplement-powder-vanilla-1-kg-2-2-lb-29-servings-digezyme-advantage-digestive-enzyme-mixer-gainers-mass-gainers/p/itmf3h7uagrycker?pid=PSLF3H67PWMYFABZ&lid=LSTPSLF3H67PWMYFABZB8SHLM&marketplace=FLIPKART&srno=s_1_6&otracker=search&fm=organic&iid=df69dfc7-410a-4e4e-9b5d-a0d1b5121f91.PSLF3H67PWMYFABZ.SEARCH&qH=6564f2e039d502b0|@|Advance MuscleMass Weight gainer Supplement Powder (Van...
https://www.flipkart.com/advance-musclemass-weight-gainer-supplement-powder-strawberry-1-kg-2-2-lb-29-servings-digezyme-advantage-digestive-enzyme-mixer-gainers-mass-gainers/p/itmf3h7uvgdaf655?pid=PSLF3H67EDY575UY&lid=LSTPSLF3H67EDY575UYW59ARM&marketplace=FLIPKART&srno=s_1_7&otracker=search&fm=organic&iid=edc80ed9-91e0-40b3-b2c2-e0724effadb6.PSLF3H67EDY575UY.SEARCH&qH=6564f2e039d502b0|@|Advance MuscleMass Weight gainer Supplement Powder (Str...
https://www.flipkart.com/muscleblaze-weight-gainer-added-digezyme-gainers-mass-gainers/p/itmf3kctdwkhghuv?pid=PSLEUN7FBNU5VMMC&lid=LSTPSLEUN7FBNU5VMMCY5ZAJR&marketplace=FLIPKART&srno=s_1_8&otracker=search&fm=organic&iid=13a4d697-a104-45a8-9905-8e405a22db66.PSLEUN7FBNU5VMMC.SEARCH&qH=6564f2e039d502b0|@|MuscleBlaze Weight Gainer with Added DigeZyme Weight Ga...
https://www.flipkart.com/muscleblaze-weight-gainer-added-digezyme-gainers-mass-gainers/p/itmf3kctmqkgzbxe?pid=PSLEUUYBXB8MJP3H&lid=LSTPSLEUUYBXB8MJP3HIJ240M&marketplace=FLIPKART&srno=s_1_9&otracker=search&fm=organic&iid=239b407b-4e1a-4660-82fc-fe39fa54ffac.PSLEUUYBXB8MJP3H.SEARCH&qH=6564f2e039d502b0|@|MuscleBlaze Weight Gainer with Added DigeZyme Weight Ga...
https://www.flipkart.com/muscleblaze-weight-gainer-added-digezyme-gainers-mass-gainers/p/itmf3kct5xzbsmdq?pid=PSLEUUYBHPHZGFWA&lid=LSTPSLEUUYBHPHZGFWAXFSBHS&marketplace=FLIPKART&srno=s_1_10&otracker=search&fm=organic&iid=b7b3b754-0382-441f-8828-510d29958465.PSLEUUYBHPHZGFWA.SEARCH&qH=6564f2e039d502b0|@|MuscleBlaze Weight Gainer with Added DigeZyme Weight Ga...
https://www.flipkart.com/zealth-soy-milk-powder-plant-based-protein/p/itmfax4ue4hpajha?pid=PSLFB3G9NBJ3HE4P&lid=LSTPSLFB3G9NBJ3HE4PU1KETV&marketplace=FLIPKART&srno=s_1_11&otracker=search&fm=organic&iid=ee5c3bd1-e3c8-4b13-976d-c9c4919607ef.PSLFB3G9NBJ3HE4P.SEARCH&qH=6564f2e039d502b0|@|Zealth Soy Milk Powder Plant-Based Protein
https://www.flipkart.com/zealth-soy-milk-powder-plant-based-protein/p/itmfax4ue4hpajha?pid=PSLFAX2FGQKFGZZR&lid=LSTPSLFAX2FGQKFGZZRCUS8SC&marketplace=FLIPKART&srno=s_1_12&otracker=search&fm=organic&iid=7c563e12-2d98-4083-ad51-bfbc6c7bb2a2.PSLFAX2FGQKFGZZR.SEARCH&qH=6564f2e039d502b0|@|Zealth Soy Milk Powder Plant-Based Protein
https://www.flipkart.com/muscleblaze-protein-bar-22g-zero-added-sugar-bars/p/itmf3kctfzej9ksg?pid=PSLEZTHJ8KF2UZXA&lid=LSTPSLEZTHJ8KF2UZXAXEXZSI&marketplace=FLIPKART&srno=s_1_13&otracker=search&fm=organic&iid=bc778fb6-9461-4930-8ffa-bea3d99a44b0.PSLEZTHJ8KF2UZXA.SEARCH&qH=6564f2e039d502b0|@|MuscleBlaze Protein Bar with 22g Protein & Zero Added S...
https://www.flipkart.com/advance-musclemass-weight-gainer-supplement-powder-strawberry-1-kg-2-2-lb-29-servings-digezyme-advantage-digestive-enzyme-mixer-gainers-mass-gainers/p/itmf3h7uvgdaf655?pid=PSLF3H67EDY575UY&lid=LSTPSLF3H67EDY575UYW59ARM&marketplace=FLIPKART&srno=s_1_14&otracker=search&fm=organic&iid=en_uluvyvRFkpt1r%2BrKECeDK%2B0wDMhVL8UIml0LFnfaEUhtD33MReF5TIm6KTi2FCFa&qH=6564f2e039d502b0|@|Advance MuscleMass Weight gainer Supplement Powder (Str...
https://www.flipkart.com/muscleblaze-protein-bar-22g-zero-added-sugar-bars/p/itmf3kctcfgzyzdy?pid=PSLEZTXF9JRHTMVK&lid=LSTPSLEZTXF9JRHTMVKTSGW9R&marketplace=FLIPKART&srno=s_1_15&otracker=search&fm=organic&iid=5eff84e1-f66d-4263-8162-57df07935507.PSLEZTXF9JRHTMVK.SEARCH&qH=6564f2e039d502b0|@|MuscleBlaze Protein Bar with 22g Protein & Zero Added S...
https://www.flipkart.com/yogabar-protein-variety-box-chocolate-brownie-cranberry-almond-fudge-hazlenut-60gmx6-bars/p/itmf97jg5fssrzyy?pid=PSLF3BCX6ZJVZZSU&lid=LSTPSLF3BCX6ZJVZZSUKCHUK4&marketplace=FLIPKART&srno=s_1_16&otracker=search&fm=organic&iid=adcb9999-14f6-47bf-807e-df5b8476610d.PSLF3BCX6ZJVZZSU.SEARCH&qH=6564f2e039d502b0|@|Yogabar Protein Variety Box- Chocolate Brownie,Cranberr...
https://www.flipkart.com/sirimiri-nutrition-bar-almonds-raisins-pack-6-each-40-gm-bars/p/itmf3kctz3grwgzh?pid=PSLEZTQ3ZCQSGGUJ&lid=LSTPSLEZTQ3ZCQSGGUJ4RHS0R&marketplace=FLIPKART&srno=s_1_17&otracker=search&fm=organic&iid=2b123d96-b7d6-4e36-8e4c-7693cbdbd2e2.PSLEZTQ3ZCQSGGUJ.SEARCH&qH=6564f2e039d502b0|@|SIRIMIRI Nutrition Bar - Almonds & Raisins - Pack Of 6 ...
https://www.flipkart.com/proburst-ultimate-mass-gainer-weight-gainers-mass-gainers/p/itmf97jezbqnyeh8?pid=PSLEUPE9VCMJRQJP&lid=LSTPSLEUPE9VCMJRQJPCXOB1V&marketplace=FLIPKART&srno=s_1_18&otracker=search&fm=organic&iid=935d2522-5f31-4fc1-9d14-47e54bcefed2.PSLEUPE9VCMJRQJP.SEARCH&qH=6564f2e039d502b0|@|PROBURST Ultimate Mass Gainer Weight Gainers/Mass Gaine...
https://www.flipkart.com/yogabar-yogabars-20-gm-whey-protein-bars/p/itmf3kcsxazvqt6t?pid=PSLF3BCXJGJPHXGG&lid=LSTPSLF3BCXJGJPHXGGHU9OQX&marketplace=FLIPKART&srno=s_1_19&otracker=search&fm=organic&iid=d0b0bf03-f986-424d-859f-19ddfb4acf1e.PSLF3BCXJGJPHXGG.SEARCH&qH=6564f2e039d502b0|@|Yogabar Yogabars 20 gm Whey Protein Bars Whey Protein
https://www.flipkart.com/advance-musclemass-weight-gainer-supplement-powder-vanilla-1-kg-2-2-lb-29-servings-digezyme-advantage-digestive-enzyme-mixer-gainers-mass-gainers/p/itmf3h7uagrycker?pid=PSLF3H67PWMYFABZ&lid=LSTPSLF3H67PWMYFABZB8SHLM&marketplace=FLIPKART&srno=s_1_20&otracker=search&fm=organic&iid=en_uluvyvRFkpt1r%2BrKECeDK%2B0wDMhVL8UIml0LFnfaEUjyRY2fGm5F62LhDToNvkfv&qH=6564f2e039d502b0|@|Advance MuscleMass Weight gainer Supplement Powder (Van...
https://www.flipkart.com/supply6-performance-blend-protein-blends/p/itmf94rxypnnxh6a?pid=PSLF9452HETY2YUT&lid=LSTPSLF9452HETY2YUTLPYQBN&marketplace=FLIPKART&srno=s_1_21&otracker=search&fm=organic&iid=3cfb2dfd-9e31-4154-b842-f5b61ad388ac.PSLF9452HETY2YUT.SEARCH&qH=6564f2e039d502b0|@|supply6 Performance Blend Protein Blends
https://www.flipkart.com/yogabar-yogabars-20-gm-whey-protein-bars/p/itmf97jenfgbexkf?pid=PSLF3BCXFXFYJWFA&lid=LSTPSLF3BCXFXFYJWFA6KBF20&marketplace=FLIPKART&srno=s_1_22&otracker=search&fm=organic&iid=3734560f-a80a-48f2-842d-eb45e47817f0.PSLF3BCXFXFYJWFA.SEARCH&qH=6564f2e039d502b0|@|Yogabar Yogabars 20 gm Whey Protein Bars Whey Protein
https://www.flipkart.com/yogabar-yogabars-20-gm-whey-protein-bars/p/itmf97jfh6qfzpng?pid=PSLF3BCXAHYGNPVT&lid=LSTPSLF3BCXAHYGNPVT0JI7ZC&marketplace=FLIPKART&srno=s_1_23&otracker=search&fm=organic&iid=a2a88cac-f6a7-45ed-9453-a2ebd17c5bf8.PSLF3BCXAHYGNPVT.SEARCH&qH=6564f2e039d502b0|@|Yogabar Yogabars 20 gm Whey Protein Bars Whey Protein
https://www.flipkart.com/advance-musclemass-weight-gainer-supplement-powder-chocolate-1-kg-2-2-lb-29-servings-digezyme-advantage-digestive-enzyme-mixer-gainers-mass-gainers/p/itmf3h7u9rgyxvhj?pid=PSLF3H67JYPWRJDF&lid=LSTPSLF3H67JYPWRJDF7VKMPA&marketplace=FLIPKART&srno=s_1_24&otracker=search&fm=organic&iid=en_uluvyvRFkpt1r%2BrKECeDK%2B0wDMhVL8UIml0LFnfaEUgSyUjV6ctuR9jPRwC6rn1T&qH=6564f2e039d502b0|@|Advance MuscleMass Weight gainer Supplement Powder (Cho...
https://www.flipkart.com/avvatar-advanced-muscle-gainer-weight-gainers-mass-gainers/p/itmf7ptqfgbazwaf?pid=PSLF9VAF5G38FDWK&lid=LSTPSLF9VAF5G38FDWKISJ8EI&marketplace=FLIPKART&srno=s_1_25&otracker=search&fm=organic&iid=94e5fd18-8da7-4cd4-8e45-07710bd83905.PSLF9VAF5G38FDWK.SEARCH&qH=6564f2e039d502b0|@|Avvatar AVVATAR ADVANCED MUSCLE GAINER Weight Gainers/M...
https://www.flipkart.com/nourishvitals-granola-snack-bar-mocha-orange-peel-5-bars-high-energy-protein-energy-bars/p/itmf3kctqrscnun7?pid=PSLF2MZWPF8YVCGB&lid=LSTPSLF2MZWPF8YVCGB1YB7W2&marketplace=FLIPKART&srno=s_1_26&otracker=search&fm=organic&iid=c1cfbe9d-b93c-4b02-818a-5bb8e7090612.PSLF2MZWPF8YVCGB.SEARCH&qH=6564f2e039d502b0|@|NourishVitals Granola Snack Bar - Mocha & Orange Peel (...
https://www.flipkart.com/holy-natural-wheat-grass-powder-100-gm/p/itmf3mcd2yfcwbsh?pid=VSLEV8Z77R7KC5SM&lid=LSTVSLEV8Z77R7KC5SMQXO7DM&marketplace=FLIPKART&srno=s_1_27&otracker=search&fm=organic&iid=89f3b142-3ca0-42d9-815b-1e72bd9656f8.VSLEV8Z77R7KC5SM.SEARCH&qH=6564f2e039d502b0|@|Holy Natural WHEAT GRASS POWDER - 100 GM
https://www.flipkart.com/holy-natural-wheat-grass-powder-200-gm/p/itmf537brxqbmrme?pid=VSLF52TR4YHYJVY8&lid=LSTVSLF52TR4YHYJVY89IVDNM&marketplace=FLIPKART&srno=s_1_28&otracker=search&fm=organic&iid=63091dc4-d07d-4d7b-b36a-c9387a93d6c0.VSLF52TR4YHYJVY8.SEARCH&qH=6564f2e039d502b0|@|Holy Natural WHEAT GRASS POWDER - 200 GM
https://www.flipkart.com/fabbox-walnut-crunch-bar-protein-bars/p/itmf97je44tzzjcp?pid=PSLEXTK58HQXGKKB&lid=LSTPSLEXTK58HQXGKKBZBO0MO&marketplace=FLIPKART&srno=s_1_29&otracker=search&fm=organic&iid=5df1faa2-4d98-4e70-ac0c-5cb80d800758.PSLEXTK58HQXGKKB.SEARCH&qH=6564f2e039d502b0|@|FabBox Walnut Crunch Bar Protein Bars
https://www.flipkart.com/fabbox-almond-protein-bars/p/itmf97je44tzzjcp?pid=PSLFY98MVQFSFQTF&lid=LSTPSLFY98MVQFSFQTFN1S9TX&marketplace=FLIPKART&srno=s_1_30&otracker=search&fm=organic&iid=b1a310f4-6e86-4c53-9bad-99323ffaea05.PSLFY98MVQFSFQTF.SEARCH&qH=6564f2e039d502b0|@|FabBox Almondï¿½ Protein Bars
https://www.flipkart.com/fabbox-figs-dates-protein-bars/p/itmf97je44tzzjcp?pid=PSLFY6255MN3NF87&lid=LSTPSLFY6255MN3NF87VZMDFN&marketplace=FLIPKART&srno=s_1_31&otracker=search&fm=organic&iid=30afca91-2564-43dd-aece-b00bc61aa768.PSLFY6255MN3NF87.SEARCH&qH=6564f2e039d502b0|@|FabBox Figs&Dates Protein Bars
https://www.flipkart.com/avvatar-advanced-muscle-gainer-weight-gainers-mass-gainers/p/itmf7ptqfgbazwaf?pid=PSLF7UXHS8VS4UGH&lid=LSTPSLF7UXHS8VS4UGH2606S9&marketplace=FLIPKART&srno=s_1_32&otracker=search&fm=organic&iid=75c64e93-27c7-4126-94c5-f2a30ad7d1b8.PSLF7UXHS8VS4UGH.SEARCH&qH=6564f2e039d502b0|@|Avvatar AVVATAR ADVANCED MUSCLE GAINER Weight Gainers/M...
https://www.flipkart.com/probite-premium-almond-40-grams-protein-bars/p/itmfb3ghxa47cern?pid=PSLFB3D2RAH7VKTR&lid=LSTPSLFB3D2RAH7VKTRGT5V89&marketplace=FLIPKART&srno=s_1_33&otracker=search&fm=organic&iid=989c1415-5ea8-435d-bfb1-8120f37e3739.PSLFB3D2RAH7VKTR.SEARCH&qH=6564f2e039d502b0|@|Probite Premium Almond - 40 Grams Protein Bars
https://www.flipkart.com/probite-premium-hazelnut-40-grams-x-6-bars-protein/p/itmfb4cnrxgaezhn?pid=PSLFB4CN5DAGZMZJ&lid=LSTPSLFB4CN5DAGZMZJA4Q5DG&marketplace=FLIPKART&srno=s_1_34&otracker=search&fm=organic&iid=259485f4-e8ad-4200-94b0-cb81051ebe81.PSLFB4CN5DAGZMZJ.SEARCH&qH=6564f2e039d502b0|@|Probite Premium Hazelnut - 40 Grams x 6 Bars Protein Ba...
https://www.flipkart.com/yogabar-yogabars-20-gm-whey-protein-bars/p/itmf97jdx4s859fe?pid=PSLF3BCXNBGFB3KK&lid=LSTPSLF3BCXNBGFB3KKKZLCRY&marketplace=FLIPKART&srno=s_1_35&otracker=search&fm=organic&iid=e9fca975-bcb3-49e0-8253-9e6be26d1ae4.PSLF3BCXNBGFB3KK.SEARCH&qH=6564f2e039d502b0|@|Yogabar Yogabars 20 gm Whey Protein Bars Whey Protein
https://www.flipkart.com/voll-pro-diskettes-protein-cookie/p/itmf9fd6zmggyjtk?pid=PSLF9F82EVYQSSHZ&lid=LSTPSLF9F82EVYQSSHZPRUV75&marketplace=FLIPKART&srno=s_1_36&otracker=search&fm=organic&iid=a8cfec42-e218-4a29-884e-47fdffe62b69.PSLF9F82EVYQSSHZ.SEARCH&qH=6564f2e039d502b0|@|Voll Pro Diskettes Protein Cookie
https://www.flipkart.com/advance-nutratech-malt-weight-gainers-mass-gainers/p/itmfaxrk7zfgcygt?pid=PSLFAXKDNCRRH88Y&lid=LSTPSLFAXKDNCRRH88YIPMKOZ&marketplace=FLIPKART&srno=s_1_37&otracker=search&fm=organic&iid=79c70874-783b-40b8-ab68-78b6b4aa086f.PSLFAXKDNCRRH88Y.SEARCH&qH=6564f2e039d502b0|@|Advance Nutratech Malt Weight Gainers/Mass Gainers
https://www.flipkart.com/advance-nutratech-malt-weight-gainers-mass-gainers/p/itmfaxrk7zfgcygt?pid=PSLFAXKDBCGBTXKB&lid=LSTPSLFAXKDBCGBTXKBMTGHVR&marketplace=FLIPKART&srno=s_1_38&otracker=search&fm=organic&iid=56810368-076c-4b65-9333-21fd456b5c77.PSLFAXKDBCGBTXKB.SEARCH&qH=6564f2e039d502b0|@|Advance Nutratech Malt Weight Gainers/Mass Gainers
https://www.flipkart.com/advance-nutratech-malt-weight-gainers-mass-gainers/p/itmfaxrk7zfgcygt?pid=PSLFAXKDZWWH93RZ&lid=LSTPSLFAXKDZWWH93RZSZVYST&marketplace=FLIPKART&srno=s_1_39&otracker=search&fm=organic&iid=fcf64d55-a995-4a37-86f8-9f6c6e44bd64.PSLFAXKDZWWH93RZ.SEARCH&qH=6564f2e039d502b0|@|Advance Nutratech Malt Weight Gainers/Mass Gainers
https://www.flipkart.com/healthkart-slim-shake-chocolate/p/itmepc22qey4hx9y?pid=VSLEPC22JFDVHDEP&lid=LSTVSLEPC22JFDVHDEP3PKYUL&marketplace=FLIPKART&srno=s_1_40&otracker=search&fm=organic&iid=b37d56ff-f507-48a9-8506-52193c1909f6.VSLEPC22JFDVHDEP.SEARCH&qH=6564f2e039d502b0|@|Healthkart Slim Shake Chocolate
https://www.flipkart.com/azzurra-nurturing-human-lives-fibero-essential-tf/p/itmf3mcdsrfm7wcu?pid=VSLF2YGKTEXBCEYG&lid=LSTVSLF2YGKTEXBCEYGFEFRX4&marketplace=FLIPKART&srno=s_2_41&otracker=search&fm=organic&iid=509d2258-4d2f-4cf8-a740-fa3d215c9f77.VSLF2YGKTEXBCEYG.SEARCH&qH=6564f2e039d502b0|@|Azzurra Nurturing Human Lives Fibero Essential TF
https://www.flipkart.com/muscleblaze-high-protein-lean-mass-gainer-chocolate-1-kg-2-2-lb-weight-gainers-mass-gainers/p/itmf89hevk6ymgfy?pid=PSLF897MHG7WYBFJ&lid=LSTPSLF897MHG7WYBFJGTKHKE&marketplace=FLIPKART&srno=s_2_42&otracker=search&fm=organic&iid=2b0938da-838e-4dbf-8817-4811df843144.PSLF897MHG7WYBFJ.SEARCH&qH=6564f2e039d502b0|@|MuscleBlaze High Protein Lean Mass Gainer (Chocolate, 1...
https://www.flipkart.com/muscleblaze-weight-gainer-added-digezyme-gainers-mass-gainers/p/itmf6ny8jdaemqgd?pid=PSLF6NF3KZJUH6P6&lid=LSTPSLF6NF3KZJUH6P6IVNDLD&marketplace=FLIPKART&srno=s_2_43&otracker=search&fm=organic&iid=edf1b7b2-70ae-479a-be67-7eab2ff3cbe8.PSLF6NF3KZJUH6P6.SEARCH&qH=6564f2e039d502b0|@|MuscleBlaze Weight Gainer with Added DigeZyme Weight Ga...
https://www.flipkart.com/advance-musclemass-weight-gainer-supplement-powder-chocolate-3-kg-6-6-lb-29-servings-digezyme-advantage-digestive-enzyme-mixer-gainers-mass-gainers/p/itmf3h7u2q5ytpav?pid=PSLF3H67HRBPPBAA&lid=LSTPSLF3H67HRBPPBAAHBKHCM&marketplace=FLIPKART&srno=s_2_44&otracker=search&fm=organic&iid=en_efdc65EnKupNLydoSI2peBB0q9GVMV2l7a4H2cfhnWfCPEFULqdnwXQuMToHeQnK&qH=6564f2e039d502b0|@|Advance MuscleMass Weight gainer Supplement Powder (Cho...
https://www.flipkart.com/muscleblaze-weight-gainer-added-digezyme-gainers-mass-gainers/p/itmf6ny8sukfm5tr?pid=PSLF6NF33ZR4T4WV&lid=LSTPSLF6NF33ZR4T4WVLL7GTB&marketplace=FLIPKART&srno=s_2_45&otracker=search&fm=organic&iid=ef65e2ab-a2f7-43d0-8d76-639ff4f14c38.PSLF6NF33ZR4T4WV.SEARCH&qH=6564f2e039d502b0|@|MuscleBlaze Weight Gainer with Added DigeZyme Weight Ga...
https://www.flipkart.com/hyp-sugarfree-variety-pack-protein-bars/p/itmerncqrynznjbp?pid=PSLERNCQ8ZPDGQRM&lid=LSTPSLERNCQ8ZPDGQRMHYWVVK&marketplace=FLIPKART&srno=s_2_46&otracker=search&fm=organic&iid=af07458a-677b-44b7-883b-dd8c8e05dd68.PSLERNCQ8ZPDGQRM.SEARCH&qH=6564f2e039d502b0|@|HYP Sugarfree Variety Pack Protein Bars
https://www.flipkart.com/jarrow-formulas-optimal-plant-proteins-19-3-oz-545-gm-plant-based-protein/p/itmf3kcshqpzyjfm?pid=PSLEXS9FHWPBQGB4&lid=LSTPSLEXS9FHWPBQGB4MLRRNW&marketplace=FLIPKART&srno=s_2_47&otracker=search&fm=organic&iid=ea4d38c9-ce6f-4035-beb8-51d3f6c93677.PSLEXS9FHWPBQGB4.SEARCH&qH=6564f2e039d502b0|@|Jarrow Formulas Optimal Plant Proteins - 19.3 Oz 545 gm...
https://www.flipkart.com/n2h-flax-seed-powder-250g-wheat-grass-60g-combo/p/itmf7dvx7geguwef?pid=FMCF7DR9AN7GCU8U&lid=LSTFMCF7DR9AN7GCU8U6DVSLW&marketplace=FLIPKART&srno=s_2_48&otracker=search&fm=organic&iid=82911f69-4605-44e0-be65-3239fd175a67.FMCF7DR9AN7GCU8U.SEARCH&qH=6564f2e039d502b0|@|N2H Flax Seed Powder 250g & Wheat Grass Powder 60g Comb...
https://www.flipkart.com/mb-mass-gainer-xxl-weight-gainers-mass-gainers/p/itmf97jg2y97pdta?pid=PSLF8TCXQYTTZRWQ&lid=LSTPSLF8TCXQYTTZRWQAFP446&marketplace=FLIPKART&srno=s_2_49&otracker=search&fm=organic&iid=538f04b0-495f-4a32-9313-bfab64850837.PSLF8TCXQYTTZRWQ.SEARCH&qH=6564f2e039d502b0|@|MB MASS Gainer XXL Weight Gainers/Mass Gainers
https://www.flipkart.com/advance-musclemass-weight-gainer-supplement-powder-strawberry-1-kg-2-2-lb-29-servings-digezyme-advantage-digestive-enzyme-mixer-gainers-mass-gainers/p/itmf3h7uvgdaf655?pid=PSLF3H67EDY575UY&lid=LSTPSLF3H67EDY575UYW59ARM&marketplace=FLIPKART&srno=s_2_50&otracker=search&fm=organic&iid=en_efdc65EnKupNLydoSI2peBB0q9GVMV2l7a4H2cfhnWfVKAHSI7srSMCFFrC9Eldg&qH=6564f2e039d502b0|@|Advance MuscleMass Weight gainer Supplement Powder (Str...
https://www.flipkart.com/ritebite-workout-choco-classic-pack-24-energy-bars/p/itmf3kct52e5aw88?pid=PSLFFEZYEAGKZRRD&lid=LSTPSLFFEZYEAGKZRRDCOYXJT&marketplace=FLIPKART&srno=s_2_51&otracker=search&fm=organic&iid=94487cff-9cda-4f87-9b8b-aa0301a6ffd1.PSLFFEZYEAGKZRRD.SEARCH&qH=6564f2e039d502b0|@|RiteBite workout choco classic pack of 24 Energy Bars
https://www.flipkart.com/mb-weight-gainer-whey-protien-gainers-mass-gainers/p/itmf9xzxzzkgduwd?pid=PSLF9VAE2D2VDTE3&lid=LSTPSLF9VAE2D2VDTE3VJ8WO2&marketplace=FLIPKART&srno=s_2_52&otracker=search&fm=organic&iid=4d7b2067-91ee-4d27-9aae-7e562f4ffe89.PSLF9VAE2D2VDTE3.SEARCH&qH=6564f2e039d502b0|@|MB WEIGHT GAINER with WHEY PROTIEN Weight Gainers/Mass ...
https://www.flipkart.com/naturz-ayurveda-organic-wheat-grass-500-tablet/p/itmf8vzh3zsymtgz?pid=VSLF8T4YW7MZH5RP&lid=LSTVSLF8T4YW7MZH5RPVEFYZT&marketplace=FLIPKART&srno=s_2_53&otracker=search&fm=organic&iid=0d3e3d3f-7ddd-487b-a476-c950c8fd4f96.VSLF8T4YW7MZH5RP.SEARCH&qH=6564f2e039d502b0|@|Naturz Ayurveda Organic Wheat Grass 500 Tablet
https://www.flipkart.com/advance-musclemass-weight-gainer-supplement-powder-vanilla-1-kg-2-2-lb-29-servings-digezyme-advantage-digestive-enzyme-mixer-gainers-mass-gainers/p/itmf3h7uagrycker?pid=PSLF3H67PWMYFABZ&lid=LSTPSLF3H67PWMYFABZB8SHLM&marketplace=FLIPKART&srno=s_2_54&otracker=search&fm=organic&iid=en_efdc65EnKupNLydoSI2peBB0q9GVMV2l7a4H2cfhnWdaxp90NSm64mErc8VWCxY4&qH=6564f2e039d502b0|@|Advance MuscleMass Weight gainer Supplement Powder (Van...
https://www.flipkart.com/mb-weight-gainer-gainers-mass-gainers/p/itmf97jenhycdegb?pid=PSLF8EPXYQSUG2YE&lid=LSTPSLF8EPXYQSUG2YEEBWDAF&marketplace=FLIPKART&srno=s_2_55&otracker=search&fm=organic&iid=b4a0d2de-5f07-4c12-b742-91c8fb995e14.PSLF8EPXYQSUG2YE.SEARCH&qH=6564f2e039d502b0|@|MB Weight Gainer Weight Gainers/Mass Gainers
https://www.flipkart.com/ramini-bionutrition-pre-probiotics-90-veg-capsules/p/itmf8f5tgh4dptur?pid=VSLF8F4SHDH5KHNZ&lid=LSTVSLF8F4SHDH5KHNZWIGRXV&marketplace=FLIPKART&srno=s_2_56&otracker=search&fm=organic&iid=fcf3df37-9747-4eef-9d12-11b86a67be0e.VSLF8F4SHDH5KHNZ.SEARCH&qH=6564f2e039d502b0|@|ramini bionutrition Pre and Probiotics - 90 veg capsule...
https://www.flipkart.com/nutriosys-fiber-tablets-pack-2/p/itmf8swc2gs2guyx?pid=VSLF8QUZJPGPHZYJ&lid=LSTVSLF8QUZJPGPHZYJQNG7MY&marketplace=FLIPKART&srno=s_2_57&otracker=search&fm=organic&iid=ac92d429-5b25-4560-8565-892a7a20b302.VSLF8QUZJPGPHZYJ.SEARCH&qH=6564f2e039d502b0|@|Nutriosys Fiber - (Tablets)-Pack of 2
https://www.flipkart.com/nutriosys-isabgol-500mg-veg-capsules/p/itmf8ba5uqzkchqy?pid=VSLF8B844C7ZPKKH&lid=LSTVSLF8B844C7ZPKKH0GHQNU&marketplace=FLIPKART&srno=s_2_58&otracker=search&fm=organic&iid=4b1c1aff-95ca-428c-ae4c-89a9372c8efb.VSLF8B844C7ZPKKH.SEARCH&qH=6564f2e039d502b0|@|Nutriosys Isabgol 500mg ,Veg Capsules
https://www.flipkart.com/nhc-nutree-protein-nutritious-drink-blends/p/itmf6b9hgutpvs2a?pid=PSLF6B4YSNJMBVDU&lid=LSTPSLF6B4YSNJMBVDUQS7XQK&marketplace=FLIPKART&srno=s_2_59&otracker=search&fm=organic&iid=7850e334-96c0-4696-ab08-9c1206adc9d5.PSLF6B4YSNJMBVDU.SEARCH&qH=6564f2e039d502b0|@|NHC Nutree Protein - Nutritious Protein Drink Protein B...
https://www.flipkart.com/advance-musclemass-weight-gainer-supplement-powder-chocolate-1-kg-2-2-lb-29-servings-digezyme-advantage-digestive-enzyme-mixer-gainers-mass-gainers/p/itmf3h7u9rgyxvhj?pid=PSLF3H67JYPWRJDF&lid=LSTPSLF3H67JYPWRJDF7VKMPA&marketplace=FLIPKART&srno=s_2_60&otracker=search&fm=organic&iid=en_efdc65EnKupNLydoSI2peBB0q9GVMV2l7a4H2cfhnWcmjYqhaEyTIIjkiW3sJ97I&qH=6564f2e039d502b0|@|Advance MuscleMass Weight gainer Supplement Powder (Cho...
https://www.flipkart.com/wild-forest-flax-seed-extract-500-mg/p/itmf3mcdq9kygmse?pid=VSLFFUQFSXY9ZXZZ&lid=LSTVSLFFUQFSXY9ZXZZOLGS9M&marketplace=FLIPKART&srno=s_2_61&otracker=search&fm=organic&iid=3c004c3d-c237-428f-9dc1-8ed14175d37a.VSLFFUQFSXY9ZXZZ.SEARCH&qH=6564f2e039d502b0|@|WILD FOREST FLAX SEED EXTRACT 500 MG
https://www.flipkart.com/mb-muscleblaz-mass-gainer-xxl-shaker-weight-gainers-mass-gainers/p/itmf9xzt3yu4mvht?pid=PSLF9VADQFEMPYYA&lid=LSTPSLF9VADQFEMPYYA74NTGS&marketplace=FLIPKART&srno=s_2_62&otracker=search&fm=organic&iid=c6f19bc6-3bdc-41cd-a5d1-5ee01bd8371d.PSLF9VADQFEMPYYA.SEARCH&qH=6564f2e039d502b0|@|MB MUSCLEBLAZ MASS GAINER XXL WITH SHAKER Weight Gainer...
https://www.flipkart.com/ritebite-maxprotein-protein-bars/p/itmf97jeyugvx82q?pid=PSLF84JG4ZMQCNH9&lid=LSTPSLF84JG4ZMQCNH9DIQOBY&marketplace=FLIPKART&srno=s_2_63&otracker=search&fm=organic&iid=028aef97-23c4-4a09-bd56-49dfe20fc642.PSLF84JG4ZMQCNH9.SEARCH&qH=6564f2e039d502b0|@|RiteBite MaxProtein Protein Bars
https://www.flipkart.com/now-foods-acacia-fiber/p/itmf3mcctxhyjvzu?pid=VSLEUBZWQGZSZW9Z&lid=LSTVSLEUBZWQGZSZW9ZVFFQZ5&marketplace=FLIPKART&srno=s_2_64&otracker=search&fm=organic&iid=bf073061-28a2-4652-8a01-eb14a94a966c.VSLEUBZWQGZSZW9Z.SEARCH&qH=6564f2e039d502b0|@|Now Foods ACACIA FIBER
https://www.flipkart.com/wellspring-fiber-o-life-whey-protein/p/itmechp9suzhwe6z?pid=PSLECHP9H4UZT3ZB&lid=LSTPSLECHP9H4UZT3ZBCQ3CFM&marketplace=FLIPKART&srno=s_2_65&otracker=search&fm=organic&iid=f6edc46b-cadd-4944-b7ce-6cb7cc9f37d1.PSLECHP9H4UZT3ZB.SEARCH&qH=6564f2e039d502b0|@|Wellspring Fiber-O-Life Whey Protein
https://www.flipkart.com/nutriosys-isabgol-500mg-veg-capsules-pack-2/p/itmf8sshrf9hyh4f?pid=VSLF8QY2REX93CUP&lid=LSTVSLF8QY2REX93CUPYP68P7&marketplace=FLIPKART&srno=s_2_66&otracker=search&fm=organic&iid=e46da256-5e1d-400c-b757-6bbf7b970731.VSLF8QY2REX93CUP.SEARCH&qH=6564f2e039d502b0|@|nutriosys Isabgol 500mg ( Veg Capsules)- Pack of 2
https://www.flipkart.com/biotrex-nutraceuticals-isabgul-500mg/p/itmeskumzjptx9mn?pid=VSLESKUMGQMGHJHE&lid=LSTVSLESKUMGQMGHJHERWRRU0&marketplace=FLIPKART&srno=s_2_67&otracker=search&fm=organic&iid=7f4777e4-f4f4-4c1e-a8ea-234656234164.VSLESKUMGQMGHJHE.SEARCH&qH=6564f2e039d502b0|@|Biotrex Nutraceuticals Isabgul 500mg
https://www.flipkart.com/supply6-bcaa-gummies/p/itmf9dquufuvm5dv?pid=PSLF9DFFVTVTHK7E&lid=LSTPSLF9DFFVTVTHK7EDUXPFH&marketplace=FLIPKART&srno=s_2_68&otracker=search&fm=organic&iid=4f4007ef-213b-461e-a16e-f0c008b24065.PSLF9DFFVTVTHK7E.SEARCH&qH=6564f2e039d502b0|@|supply6 BCAA Gummies BCAA
https://www.flipkart.com/medisys-fast-weight-gainer-banana-2kg-gainers-mass-gainers/p/itmf3pwkzfsjgx5f?pid=PSLF3PNNAQXHCPXZ&lid=LSTPSLF3PNNAQXHCPXZXCFVRG&marketplace=FLIPKART&srno=s_2_69&otracker=search&fm=organic&iid=4086a969-ea5a-44dc-9861-6d42778e93b2.PSLF3PNNAQXHCPXZ.SEARCH&qH=6564f2e039d502b0|@|Medisys Fast Weight Gainer - Banana - 2Kg Weight Gainer...
https://www.flipkart.com/herbal-hills-super-vegiehills-value-pack-900-tablets/p/itmf3mcdqfwajayp?pid=VSLEVHHFFX8ZGP8W&lid=LSTVSLEVHHFFX8ZGP8W5EL9PL&marketplace=FLIPKART&srno=s_2_70&otracker=search&fm=organic&iid=f03cb138-69ff-4308-b761-f27d364b8d3d.VSLEVHHFFX8ZGP8W.SEARCH&qH=6564f2e039d502b0|@|Herbal Hills Super Vegiehills - Value Pack 900 Tablets
https://www.flipkart.com/obesigo-blcd-chocolate-50-gm-box-whey-protein/p/itmf97jewuyqgxng?pid=PSLER2N98BM4JWGG&lid=LSTPSLER2N98BM4JWGGPCMTGA&marketplace=FLIPKART&srno=s_2_71&otracker=search&fm=organic&iid=bb52368f-87ab-4e0c-9367-f53079b7325f.PSLER2N98BM4JWGG.SEARCH&qH=6564f2e039d502b0|@|Obesigo BLCD CHOCOLATE 50 GM BOX Whey Protein
https://www.flipkart.com/mightyx-pro-mass-gainer-protein-powder-supports-lean-gains-muscle-recovery-immune-system-function-chocolate-1-lb-9-servings-weight-gainers-mass-gainers/p/itmf3kcsrhnkygan?pid=PSLFFSS2PMVGGHTY&lid=LSTPSLFFSS2PMVGGHTYFRPWWT&marketplace=FLIPKART&srno=s_2_72&otracker=search&fm=organic&iid=bb96f980-35e7-45d5-919a-d11d24ce21d3.PSLFFSS2PMVGGHTY.SEARCH&qH=6564f2e039d502b0|@|MightyX Pro Mass Gainer | Protein Powder to supports le...
https://www.flipkart.com/perennial-lifesciences-nutravigour-moringa-extract-dietary-supplement-60-capsules-50x-powerful-than-powder/p/itmf3mcdgafcrbv2?pid=VSLEWPR6JNZZYWZW&lid=LSTVSLEWPR6JNZZYWZWXGZKCN&marketplace=FLIPKART&srno=s_2_73&otracker=search&fm=organic&iid=fe4faf9a-1f91-4966-8cbb-1bf89aa2822f.VSLEWPR6JNZZYWZW.SEARCH&qH=6564f2e039d502b0|@|Perennial Lifesciences NutraVigour Moringa Extract Diet...
https://www.flipkart.com/pentasure-2-0-1-kg-jumbo-tin-whey-protein/p/itmf97jgpjr5n8vj?pid=PSLF3S2ZJEGSZHTK&srno=s_2_74&otracker=search&fm=organic&iid=35e701a3-4b4e-4529-bdb0-77c076302da3.PSLF3S2ZJEGSZHTK.SEARCH&qH=6564f2e039d502b0|@|PentaSure 2.0 1 Kg Jumbo Tin Whey Protein
https://www.flipkart.com/friska-fabpro-xp-protein-supplement-balanced-nutrition-drink-women-adults-children-whey/p/itmf833sf9jqnune?pid=PSLF82SCHHKWHXBV&lid=LSTPSLF82SCHHKWHXBV868WFJ&marketplace=FLIPKART&srno=s_2_75&otracker=search&fm=organic&iid=5ad6127d-6faa-4826-a3db-7dae8ae63090.PSLF82SCHHKWHXBV.SEARCH&qH=6564f2e039d502b0|@|Friska Fabpro-XP Protein Supplement Balanced Nutrition ...
https://www.flipkart.com/holy-natural-beetroot-powder-250-gm/p/itmf3mcdvebyzeg8?pid=VSLEXTZ9FB5QAZFF&lid=LSTVSLEXTZ9FB5QAZFFM06E5V&marketplace=FLIPKART&srno=s_2_76&otracker=search&fm=organic&iid=f5b041da-5d60-42a0-ae54-95d496053d3c.VSLEXTZ9FB5QAZFF.SEARCH&qH=6564f2e039d502b0|@|Holy Natural BeetRoot Powder - 250 GM
https://www.flipkart.com/myfitfuel-mff-advance-mass-gainer-weight-gainers-mass-gainers/p/itmf3kctsghvrn3n?pid=PSLEXN9VXHQPAUCD&lid=LSTPSLEXN9VXHQPAUCDBJMQCW&marketplace=FLIPKART&srno=s_2_77&otracker=search&fm=organic&iid=70aeb179-9738-482e-94fb-146c2b9e467d.PSLEXN9VXHQPAUCD.SEARCH&qH=6564f2e039d502b0|@|MyFitFuel MFF ADVANCE MASS GAINER Weight Gainers/Mass G...
https://www.flipkart.com/myfitfuel-mff-advance-mass-gainer-weight-gainers-mass-gainers/p/itmf3kctsghvrn3n?pid=PSLEXN9VQUFVPMZJ&lid=LSTPSLEXN9VQUFVPMZJ7ABUJ7&marketplace=FLIPKART&srno=s_2_78&otracker=search&fm=organic&iid=6198a255-cd1d-42dc-84c7-1a1928b10544.PSLEXN9VQUFVPMZJ.SEARCH&qH=6564f2e039d502b0|@|MyFitFuel MFF ADVANCE MASS GAINER Weight Gainers/Mass G...
https://www.flipkart.com/acuraglobe-fiber-s/p/itmf3mcdrmgf8632?pid=VSLF2QA9R4KZZBQT&lid=LSTVSLF2QA9R4KZZBQTHLXBSI&marketplace=FLIPKART&srno=s_2_79&otracker=search&fm=organic&iid=e098c377-2d49-437d-8376-473a1f0c2249.VSLF2QA9R4KZZBQT.SEARCH&qH=6564f2e039d502b0|@|acuraglobe Fiber-S
https://www.flipkart.com/medisys-double-mass-gainer-chocolate-weight-gainers-mass-gainers/p/itmf3kctbuhfrzz9?pid=PSLEVZ4KZXC3XKKG&lid=LSTPSLEVZ4KZXC3XKKGGCVGRA&marketplace=FLIPKART&srno=s_2_80&otracker=search&fm=organic&iid=45c6f9d6-6c63-4fcc-8bbf-08430f39c58c.PSLEVZ4KZXC3XKKG.SEARCH&qH=6564f2e039d502b0|@|Medisys Double Mass Gainer - Chocolate Weight Gainers/M...
https://www.flipkart.com/mrm-organic-moringa-powder-8-5-oz-240-g/p/itmfb5dyhk2fcnsk?pid=VSLFB4ZP6VHHURHS&lid=LSTVSLFB4ZP6VHHURHSKQ8F53&marketplace=FLIPKART&srno=s_3_81&otracker=search&fm=organic&iid=fb486bbd-e6eb-416e-bcc4-ba67996bf902.VSLFB4ZP6VHHURHS.SEARCH&qH=6564f2e039d502b0|@|MRM Organic Moringa Powder, 8.5 oz (240 g)
https://www.flipkart.com/heilen-biopharm-black-maca-root-powder/p/itmf5gpbwfpss4fn?pid=VSLF5G9VK3EZZAJG&lid=LSTVSLF5G9VK3EZZAJG7VPVR2&marketplace=FLIPKART&srno=s_3_82&otracker=search&fm=organic&iid=bf5dedc5-c16c-4633-9ceb-e95946e51a28.VSLF5G9VK3EZZAJG.SEARCH&qH=6564f2e039d502b0|@|Heilen Biopharm Black Maca Root Powder
https://www.flipkart.com/onelife-fenu-seedex-blood-sugar-balance-fenugreek-capsules/p/itmf3mcdp9y8xtfd?pid=VSLF2P6J8JHTJM2E&lid=LSTVSLF2P6J8JHTJM2EV0OCHQ&marketplace=FLIPKART&srno=s_3_83&otracker=search&fm=organic&iid=92f46293-d4e5-45a3-9003-dadf029a7a2f.VSLF2P6J8JHTJM2E.SEARCH&qH=6564f2e039d502b0|@|OneLife Fenu Seedex For Blood Sugar Balance - Fenugreek...
https://www.flipkart.com/advance-musclemass-weight-gainer-supplement-powder-chocolate-3-kg-6-6-lb-29-servings-digezyme-advantage-digestive-enzyme-mixer-gainers-mass-gainers/p/itmf3h7u2q5ytpav?pid=PSLF3H67HRBPPBAA&lid=LSTPSLF3H67HRBPPBAAHBKHCM&marketplace=FLIPKART&srno=s_3_84&otracker=search&fm=organic&iid=en_QFKAEk%2Bk91ZgX8eDuo0TK2ZgBRrJrA6GlyadfSNswMaB5fvCJvcXNYKER0ZL64Tv&qH=6564f2e039d502b0|@|Advance MuscleMass Weight gainer Supplement Powder (Cho...
https://www.flipkart.com/venky-s-albumen-plus-egg-protein/p/itmepwefy8qwfgcz?pid=PSLEPWEFDKGEZPB3&lid=LSTPSLEPWEFDKGEZPB3EO0TJW&marketplace=FLIPKART&srno=s_3_85&otracker=search&fm=organic&iid=89d4e31c-bb41-47bb-b83b-bfe03bc44362.PSLEPWEFDKGEZPB3.SEARCH&qH=6564f2e039d502b0|@|Venky's Albumen Plus Egg Protein
https://www.flipkart.com/m-sons-herbal-daily-onion-pack-3-balanced-harmonious-health-uti-400ml3/p/itmf8y58jhquwr8a?pid=VSLFAUJMDFEHH2GH&lid=LSTVSLFAUJMDFEHH2GHPRAF2F&marketplace=FLIPKART&srno=s_3_86&otracker=search&fm=organic&iid=a7fcdab9-b06d-4e3a-b025-d25cc7ec0002.VSLFAUJMDFEHH2GH.SEARCH&qH=6564f2e039d502b0|@|M SONS Herbal daily Onion Pack 3 Balanced Harmonious He...
https://www.flipkart.com/incredio-shake-a-meal-meal-replacement-shake-14g-protein-2-8g-fiber-27-vitamins-minerals-weight-management-500g-chocolate/p/itmeff5ykhtjhmxa?pid=VSLEFF5YYMUGYZBV&lid=LSTVSLEFF5YYMUGYZBVE7TYLT&marketplace=FLIPKART&srno=s_3_87&otracker=search&fm=organic&iid=fcff8d02-00ab-4e7c-a5f2-6744105dae9e.VSLEFF5YYMUGYZBV.SEARCH&qH=6564f2e039d502b0|@|Incredio shake-a-meal-Meal Replacement Shake with 14g P...
https://www.flipkart.com/broiler-chicken-fed-yeast-enzyme-supplemented-high-fiber-diets/p/itmdj2t5rjuqsgv3?pid=9783659141447&lid=LSTBOK97836591414477VYARS&marketplace=FLIPKART&srno=s_3_88&otracker=search&fm=organic&iid=8e53889c-5703-4104-a9b7-5909da27e59f.9783659141447.SEARCH&qH=6564f2e039d502b0|@|Broiler Chicken Fed Yeast and Enzyme Supplemented High ...
https://www.flipkart.com/kayosnaturals-daily-supergreens-superfood-vegetable-fruits-powder-nutrition-organic-spirulina-wheatgrass-chlorella-moringa-neem-karela-other-alkalizing-anti-oxidant-fiber-100g-10x10g-sachet/p/itmf5bxp2ttpwgqt?pid=VSLF5BHFH4RUWGHG&lid=LSTVSLF5BHFH4RUWGHGUBCJBA&marketplace=FLIPKART&srno=s_3_89&otracker=search&fm=organic&iid=631e701b-2a44-4d3f-8767-a04ab02bb510.VSLF5BHFH4RUWGHG.SEARCH&qH=6564f2e039d502b0|@|KayosNaturals Daily SuperGreens Superfood Vegetable and...
https://www.flipkart.com/advance-musclemass-weight-gainer-supplement-powder-strawberry-1-kg-2-2-lb-29-servings-digezyme-advantage-digestive-enzyme-mixer-gainers-mass-gainers/p/itmf3h7uvgdaf655?pid=PSLF3H67EDY575UY&lid=LSTPSLF3H67EDY575UYW59ARM&marketplace=FLIPKART&srno=s_3_90&otracker=search&fm=organic&iid=en_QFKAEk%2Bk91ZgX8eDuo0TK2ZgBRrJrA6GlyadfSNswMZBGmwsair2VzLnqtBKW2pI&qH=6564f2e039d502b0|@|Advance MuscleMass Weight gainer Supplement Powder (Str...
https://www.flipkart.com/healthkart-hnut10417-01-protein-cereal/p/itmf6cbgkt5thkph?pid=PSLF6C93JMSZZ6YY&lid=LSTPSLF6C93JMSZZ6YYSW7H3D&marketplace=FLIPKART&srno=s_3_91&otracker=search&fm=organic&iid=a369cedb-a9b7-4fdc-a91e-1e02055980a2.PSLF6C93JMSZZ6YY.SEARCH&qH=6564f2e039d502b0|@|Healthkart HNUT10417-01 Protein Cereal
https://www.flipkart.com/advance-nutratech-mass-gain-booster-weight-gainers-mass-gainers/p/itmfavtgyjw6heh3?pid=PSLFAVGTKCSKBJMH&lid=LSTPSLFAVGTKCSKBJMH7EJYVX&marketplace=FLIPKART&srno=s_3_92&otracker=search&fm=organic&iid=de27622f-29a7-4625-8797-c5fc5a9bd35d.PSLFAVGTKCSKBJMH.SEARCH&qH=6564f2e039d502b0|@|Advance Nutratech Mass Gain Booster Weight Gainers/Mass...
https://www.flipkart.com/advance-nutratech-mass-gain-booster-weight-gainers-mass-gainers/p/itmfavtgyjw6heh3?pid=PSLFAVGTFRYYNHFE&lid=LSTPSLFAVGTFRYYNHFEK1APRW&marketplace=FLIPKART&srno=s_3_93&otracker=search&fm=organic&iid=5f8f80c0-be22-4d5a-a184-d8737b7b84ce.PSLFAVGTFRYYNHFE.SEARCH&qH=6564f2e039d502b0|@|Advance Nutratech Mass Gain Booster Weight Gainers/Mass...
https://www.flipkart.com/advance-musclemass-weight-gainer-supplement-powder-vanilla-1-kg-2-2-lb-29-servings-digezyme-advantage-digestive-enzyme-mixer-gainers-mass-gainers/p/itmf3h7uagrycker?pid=PSLF3H67PWMYFABZ&lid=LSTPSLF3H67PWMYFABZB8SHLM&marketplace=FLIPKART&srno=s_3_94&otracker=search&fm=organic&iid=en_QFKAEk%2Bk91ZgX8eDuo0TK2ZgBRrJrA6GlyadfSNswMb3KzPDfSaH5vufbeRl9zCn&qH=6564f2e039d502b0|@|Advance MuscleMass Weight gainer Supplement Powder (Van...
https://www.flipkart.com/advance-nutratech-mass-gain-booster-weight-gainers-mass-gainers/p/itmfavtgyjw6heh3?pid=PSLFAVGTMSMQHRF4&lid=LSTPSLFAVGTMSMQHRF4SFXJG0&marketplace=FLIPKART&srno=s_3_95&otracker=search&fm=organic&iid=49af1d6c-ae6c-464f-9f9a-c49dc04e2fe1.PSLFAVGTMSMQHRF4.SEARCH&qH=6564f2e039d502b0|@|Advance Nutratech Mass Gain Booster Weight Gainers/Mass...
https://www.flipkart.com/musclexp-complete-protein-vitamin-shake-mix-25-multivitamins-whey-mango/p/itmf3mcdepbfbugc?pid=VSLFF74VBTEJT9SZ&lid=LSTVSLFF74VBTEJT9SZQIG721&marketplace=FLIPKART&srno=s_3_96&otracker=search&fm=organic&iid=d40d2edf-ee8a-4249-a841-ac9f4020aff2.VSLFF74VBTEJT9SZ.SEARCH&qH=6564f2e039d502b0|@|MuscleXP Complete Protein & Vitamin Shake Mix With 25 M...
https://www.flipkart.com/biotrex-nutraceuticals-fiber/p/itmeubm4wwsmqwyj?pid=VSLEUBM4E4CYVHGE&lid=LSTVSLEUBM4E4CYVHGEHHZXYG&marketplace=FLIPKART&srno=s_3_97&otracker=search&fm=organic&iid=36a13c7d-6814-42f9-ad37-c87b345a3922.VSLEUBM4E4CYVHGE.SEARCH&qH=6564f2e039d502b0|@|Biotrex Nutraceuticals Fiber
https://www.flipkart.com/medisys-fast-weight-gainer-banana-free-multivitamin-60caps-gainers-mass-gainers/p/itmf3kctsu5jkbg2?pid=PSLEVNKB7BXMXZZT&lid=LSTPSLEVNKB7BXMXZZT42J8I6&marketplace=FLIPKART&srno=s_3_98&otracker=search&fm=organic&iid=6da0ce06-a7d0-4af3-89d2-c1cff413c227.PSLEVNKB7BXMXZZT.SEARCH&qH=6564f2e039d502b0|@|Medisys Fast Weight Gainer - Banana-Free Multivitamin 6...
https://www.flipkart.com/supplementing-fiber-degrading-enzymes-broilers/p/itmdypn7ugz4efad?pid=9783843385336&lid=LSTBOK97838433853367PWYDB&marketplace=FLIPKART&srno=s_3_99&otracker=search&fm=organic&iid=3d6266d6-2d4b-45c8-8392-503f81d8f72a.9783843385336.SEARCH&qH=6564f2e039d502b0|@|Supplementing Fiber-Degrading Enzymes to Broilers
https://www.flipkart.com/advance-musclemass-weight-gainer-supplement-powder-chocolate-1-kg-2-2-lb-29-servings-digezyme-advantage-digestive-enzyme-mixer-gainers-mass-gainers/p/itmf3h7u9rgyxvhj?pid=PSLF3H67JYPWRJDF&lid=LSTPSLF3H67JYPWRJDF7VKMPA&marketplace=FLIPKART&srno=s_3_100&otracker=search&fm=organic&iid=en_QFKAEk%2Bk91ZgX8eDuo0TK2ZgBRrJrA6GlyadfSNswMbrfw2imPRLdjS3aCtrqhGX&qH=6564f2e039d502b0|@|Advance MuscleMass Weight gainer Supplement Powder (Cho...
https://www.flipkart.com/source-naturals-grapefruit-pectin-powder-16-oz-453-6-g/p/itmfakyzsw9a2ncg?pid=VSLFAJFPE5UC5WVW&lid=LSTVSLFAJFPE5UC5WVW6UHB2S&marketplace=FLIPKART&srno=s_3_101&otracker=search&fm=organic&iid=6afd14dc-cdbd-4717-836f-b18150108b6f.VSLFAJFPE5UC5WVW.SEARCH&qH=6564f2e039d502b0|@|Source Naturals Grapefruit Pectin Powder 16 oz (453.6 g...
https://www.flipkart.com/muscleblaze-weight-gainer-added-digezyme-gainers-mass-gainers/p/itmf6ny8ygrkgrnk?pid=PSLF6NF3ABZTGGEV&lid=LSTPSLF6NF3ABZTGGEVQLFCVJ&marketplace=FLIPKART&srno=s_3_102&otracker=search&fm=organic&iid=940d272f-512a-4a5d-a47a-ba3060a33a0f.PSLF6NF3ABZTGGEV.SEARCH&qH=6564f2e039d502b0|@|MuscleBlaze Weight Gainer with Added DigeZyme Weight Ga...
https://www.flipkart.com/daaki-kasuta002-cr-whey-protein/p/itmf3kcta4wa5p6z?pid=PSLEZQGHZWSYD9VX&lid=LSTPSLEZQGHZWSYD9VXGCPQQQ&marketplace=FLIPKART&srno=s_3_103&otracker=search&fm=organic&iid=f63d64ad-4054-4e39-b366-9f74069962ef.PSLEZQGHZWSYD9VX.SEARCH&qH=6564f2e039d502b0|@|DAAKI KASUTA002-CR Whey Protein
https://www.flipkart.com/blender-bottle-radian-tritan-950-ml-shaker/p/itmf8k37r5bhrmn6?pid=BOTF8K379DJGRHGR&lid=LSTBOTF8K379DJGRHGROIVNMK&marketplace=FLIPKART&srno=s_3_104&otracker=search&fm=organic&iid=ac34b6ce-3f5a-4b61-bb95-9736aa044bd8.BOTF8K379DJGRHGR.SEARCH&qH=6564f2e039d502b0|@|Blender Bottle Radian Tritan 950 ml Shaker
https://www.flipkart.com/daaki-kasuta002-ka-weight-gainers-mass-gainers/p/itmf3kctcgnxmfct?pid=PSLEZQGHHZFGX9CH&lid=LSTPSLEZQGHHZFGX9CHV3TWZI&marketplace=FLIPKART&srno=s_3_105&otracker=search&fm=organic&iid=686f78b4-7572-48c8-97b8-b4e1d145a619.PSLEZQGHHZFGX9CH.SEARCH&qH=6564f2e039d502b0|@|DAAKI KASUTA002-KA Weight Gainers/Mass Gainers
https://www.flipkart.com/hyp-meal-replacement-protein-bars-variety-pack-box-6-bars/p/itmfbxdsnvxfprrp?pid=PSLFBX4H9ZQCZVZN&lid=LSTPSLFBX4H9ZQCZVZNDBRLLM&marketplace=FLIPKART&srno=s_3_106&otracker=search&fm=organic&iid=2dd0c103-5709-4648-894b-1a514a7cf0b8.PSLFBX4H9ZQCZVZN.SEARCH&qH=6564f2e039d502b0|@|HYP Meal Replacement Protein Bars - Variety Pack (Box o...
https://www.flipkart.com/mb-mass-gainer-xxl-weight-gainers-mass-gainers/p/itmf97jg2y97pdta?pid=PSLF9F9UWCXKHCZZ&lid=LSTPSLF9F9UWCXKHCZZ43SNMX&marketplace=FLIPKART&srno=s_3_107&otracker=search&fm=organic&iid=5e0fe3be-5c81-4cd8-9e1f-2d65d82b1551.PSLF9F9UWCXKHCZZ.SEARCH&qH=6564f2e039d502b0|@|MB MASS Gainer XXL Weight Gainers/Mass Gainers
https://www.flipkart.com/incredio-shake-a-meal-meal-replacement-shake-14g-protein-4-2g-fiber-27-vitamins-minerals-weight-management-1kg-mango-flavor/p/itmeg48atuqnpjh9?pid=VSLEG48AQWFFKWH2&lid=LSTVSLEG48AQWFFKWH2I26KUZ&marketplace=FLIPKART&srno=s_3_108&otracker=search&fm=organic&iid=249ad65a-ebd1-4ef3-bf20-8f04ae779b29.VSLEG48AQWFFKWH2.SEARCH&qH=6564f2e039d502b0|@|Incredio Shake-a-meal Meal Replacement Shake with 14g P...
https://www.flipkart.com/mydaily-perfect-meal-replacement-weight-loss-pack-3-chocolate-flavor-protein-blends/p/itmfb4ggbhwzkggd?pid=PSLFB4C9G3SHS2W3&lid=LSTPSLFB4C9G3SHS2W3H0TAIQ&marketplace=FLIPKART&srno=s_3_109&otracker=search&fm=organic&iid=64106de7-93b6-488c-9a06-2727b3f342a3.PSLFB4C9G3SHS2W3.SEARCH&qH=6564f2e039d502b0|@|myDaily Perfect Meal Replacement for weight loss, Pack ...
https://www.flipkart.com/mb-weight-gainer-whey-protien-gainers-mass-gainers/p/itmf9xzxzzkgduwd?pid=PSLF9VAETSXWHYTF&lid=LSTPSLF9VAETSXWHYTFEQR1EH&marketplace=FLIPKART&srno=s_3_110&otracker=search&fm=organic&iid=15d3b3c0-28de-4159-ad04-64fc4c100286.PSLF9VAETSXWHYTF.SEARCH&qH=6564f2e039d502b0|@|MB WEIGHT GAINER with WHEY PROTIEN Weight Gainers/Mass ...
https://www.flipkart.com/mb-weight-gainer-gainers-mass-gainers/p/itmf97jenhycdegb?pid=PSLF8EPXN9FUFDNB&lid=LSTPSLF8EPXN9FUFDNBNJ6Y8D&marketplace=FLIPKART&srno=s_3_111&otracker=search&fm=organic&iid=49fe4c12-9b30-447b-8125-4a38fbfd7169.PSLF8EPXN9FUFDNB.SEARCH&qH=6564f2e039d502b0|@|MB Weight Gainer Weight Gainers/Mass Gainers
https://www.flipkart.com/heilen-biopharm-black-maca-root-powder/p/itmf5gpbutkyzsfe?pid=VSLF5G9VZ8WH3ZFM&lid=LSTVSLF5G9VZ8WH3ZFMAPRLPC&marketplace=FLIPKART&srno=s_3_112&otracker=search&fm=organic&iid=f5352b02-ccd2-44c2-a3f1-27bfabf7e91b.VSLF5G9VZ8WH3ZFM.SEARCH&qH=6564f2e039d502b0|@|Heilen Biopharm Black Maca Root Powder
https://www.flipkart.com/femora-pure-garcinia-cambogia-500mg-180-veg-capsules-100-pack-3-natural-maximum-potency/p/itmf3mccfkggnnkn?pid=VSLEXYZCGTGFEETP&lid=LSTVSLEXYZCGTGFEETPBUXK9G&marketplace=FLIPKART&srno=s_3_113&otracker=search&fm=organic&iid=32cb2e39-ac21-4a1e-9054-27855e5f6c80.VSLEXYZCGTGFEETP.SEARCH&qH=6564f2e039d502b0|@|Femora Femora Pure Garcinia Cambogia 500Mg 180 Veg Caps...
https://www.flipkart.com/mydaily-perfect-meal-weight-management-fitness-overall-health-vanilla-flavour-pack-20-free-customized-diet-plan-protein-blends/p/itmf3kctfgf7dt8k?pid=PSLEYM8YSHK27HZC&lid=LSTPSLEYM8YSHK27HZCYFKFAG&marketplace=FLIPKART&srno=s_3_114&otracker=search&fm=organic&iid=129fd359-eb55-41a9-aba6-897218976fb0.PSLEYM8YSHK27HZC.SEARCH&qH=6564f2e039d502b0|@|myDaily Perfect Meal for Weight Management, Fitness & O...
https://www.flipkart.com/mydaily-perfect-meal-weight-management-fitness-overall-health-chocolate-vanilla-combo-pack-20-free-customized-diet-plan-protein-blends/p/itmf3kctj4swpjkt?pid=PSLEYM8YBHSWAGFH&lid=LSTPSLEYM8YBHSWAGFHCEPCPW&marketplace=FLIPKART&srno=s_3_115&otracker=search&fm=organic&iid=ce817e07-0984-402a-ad16-a5ce3d6a01ed.PSLEYM8YBHSWAGFH.SEARCH&qH=6564f2e039d502b0|@|myDaily Perfect Meal for Weight Management, Fitness & O...
https://www.flipkart.com/mydaily-perfect-meal-weight-management-fitness-overall-health-vanilla-flavour-trial-pack-6-free-customized-diet-plan-protein-blends/p/itmf3kctyaudzzqa?pid=PSLEYM8YDGZZPZJ6&lid=LSTPSLEYM8YDGZZPZJ6ONPGBF&marketplace=FLIPKART&srno=s_3_116&otracker=search&fm=organic&iid=dc5f5229-fbb0-4a8d-9762-3579e2e92bfa.PSLEYM8YDGZZPZJ6.SEARCH&qH=6564f2e039d502b0|@|myDaily Perfect Meal for Weight Management, Fitness & O...
https://www.flipkart.com/megagrow-weight-gainer-protein-powder-multivitamin-multimineral-fiber-gainers-mass-gainers/p/itmfb64vr9hvqpgm?pid=PSLFB5P62GBHSXSV&lid=LSTPSLFB5P62GBHSXSV0WGMBN&marketplace=FLIPKART&srno=s_3_117&otracker=search&fm=organic&iid=86475bb1-9019-46a0-beee-e8d509030d3d.PSLFB5P62GBHSXSV.SEARCH&qH=6564f2e039d502b0|@|MEGAGROW Weight Gainer Protein Powder With Multivitamin...
https://www.flipkart.com/mb-mass-gainer-xxl-weight-gainers-mass-gainers/p/itmf8zwdmccgznau?pid=PSLFBGQFMPZBY5UT&lid=LSTPSLFBGQFMPZBY5UTP9NKZI&marketplace=FLIPKART&srno=s_3_118&otracker=search&fm=organic&iid=c22a9d8d-416d-4e85-8728-8134a9022153.PSLFBGQFMPZBY5UT.SEARCH&qH=6564f2e039d502b0|@|MB Mass Gainer XXL Weight Gainers/Mass Gainers
https://www.flipkart.com/mydaily-perfect-meal-weight-management-fitness-overall-health-chocolate-flavour-pack-20-free-customized-diet-plan-protein-blends/p/itmf3kctgec2mezn?pid=PSLEYM8YGDN9GYGS&lid=LSTPSLEYM8YGDN9GYGSP2F9EK&marketplace=FLIPKART&srno=s_3_119&otracker=search&fm=organic&iid=9f437891-d969-4249-8894-16d6357ce2e9.PSLEYM8YGDN9GYGS.SEARCH&qH=6564f2e039d502b0|@|myDaily Perfect Meal for Weight Management, Fitness & O...
https://www.flipkart.com/venky-s-albumen-plus-egg-protein/p/itmepwefvkfuk2mn?pid=PSLEPWEFZNJERYHX&lid=LSTPSLEPWEFZNJERYHX3ADJKR&marketplace=FLIPKART&srno=s_3_120&otracker=search&fm=organic&iid=856850bd-53d7-4c18-bf01-7f73c84adeb0.PSLEPWEFZNJERYHX.SEARCH&qH=6564f2e039d502b0|@|Venky's Albumen Plus Egg Protein
